Title,Summary,Link,Published,Source
Washington Post Alumni Urged Jeff Bezos to Replace CEO Will Lewis,"An emailed message underscores a divide between the chief executive, Will Lewis, and the people who helped build The Post into a force in American journalism.",https://www.nytimes.com/2025/03/20/business/media/washington-post-jeff-bezos-will-lewis.html,"Thu, 20 Mar 2025 20:54:06 +0000",https://rss.nytimes.com/services/xml/rss/nyt/Business.xml
17 Best Early Amazon Spring Sale Deals (2025),"Now’s your chance to save on headphones, tablets, and home gadgets.",https://www.wired.com/story/amazon-spring-sale-2025-1/,"Sat, 22 Mar 2025 11:07:00 +0000",https://www.wired.com/feed/rss
"These smart glasses beat the Meta Ray-Bans in key ways, and they're $180 ahead of Amazon's Spring Sale - ZDNet","These smart glasses beat the Meta Ray-Bans in key ways, and they're $180 ahead of Amazon's Spring Sale  ZDNet",https://news.google.com/rss/articles/CBMi2wFBVV95cUxNM0g4Q2xmUk5yRFVsdzRubXFxd0dNejlhODJ4OGZ6c2RUSkxtQTM1MU1mVjZ4bnVXb2l5SVE0TWV6ZFU1Y0V5aERRdTIteDBUTDN6aHZLbEF2b1JIUVR0MjRlRmxjdEM5NldmT2VsamowY0lXWTZJM2V4d1F0Z3ZMNWtqX0lLdXpIYUFDQkttLWpxdXN5X0dQZWUwc3hxeE5ucXlBTUlrWFdfWml6UHNyVENlVTNiMElKQ01HazdObnctTGJIUF9Wcm5HRENCbXd3b1NYM0FFZWVZM2M?oc=5,"Fri, 21 Mar 2025 21:55:00 GMT",https://news.google.com/rss/search?q=Amazon&hl=en-US&gl=US&ceid=US:en
Amazon’s Big Spring Sale is back — dates announced and best deals live now - Tom's Guide,"Amazon’s Big Spring Sale is back — dates announced and best deals live now  Tom's GuideAmazon Is Already Releasing Deals for Its Big Spring Sale — Shop the 51 Best Picks for Travelers, From $8  Travel + Leisure50 Steep Amazon Deals to Snag Before Its Spring Sale Kicks Off—Up to 75% Off  Real Simple",https://news.google.com/rss/articles/CBMicEFVX3lxTFBMTkJ5dWltMnBYS09HU2Z4UWxBVVZJR2lYNldsTHgyeV9nOEZyMG5PVVZQc1Y1cXdrVDhhX1hjdnhnbDJzRzhScmQ1Tk5mbWU2ZXdwTF80YzZMSVItc3hhdVZkRE5qdUhEOUJnRVZwNHI?oc=5,"Fri, 21 Mar 2025 19:31:32 GMT",https://news.google.com/rss/search?q=Amazon&hl=en-US&gl=US&ceid=US:en
"Amazon is selling a 'quality' $1,021 portable power station for 50% off, and shoppers say it’s ‘ridiculously powerful’ - Yahoo Autos","Amazon is selling a 'quality' $1,021 portable power station for 50% off, and shoppers say it’s ‘ridiculously powerful’  Yahoo Autos",https://news.google.com/rss/articles/CBMidkFVX3lxTE5oV0toOU1RMGk0cTlMZ1d2cjlfcXRNY0FVbDFqbk1IR1ZiWE9CTzBQUlFjd2dxcEhTWS1CWU5JcFZON2IyVHJSZ3RZbVVLaW92b0Jqc3dlVk1QVUpYTTRkb0lmTVRNbEFscnd4Y0s2RVdoSWg2cHc?oc=5,"Sat, 22 Mar 2025 14:00:00 GMT",https://news.google.com/rss/search?q=Amazon&hl=en-US&gl=US&ceid=US:en
"Amazon is selling $45 sandals for $22, and shoppers call them 'cute and comfortable' - TheStreet","Amazon is selling $45 sandals for $22, and shoppers call them 'cute and comfortable'  TheStreet",https://news.google.com/rss/articles/CBMiggFBVV95cUxOQmY3UnRZNzlGSDdRZXpqc1cxajVoU2h1U1FyZHQ4VWMzYmFBOEEtcDZmMEFqUTlxdnhZemdMRmVLejk1UVgyUW1kQnE3SkxpOFZQajdrZnN5SUh6a0JqaTFQRGNPNXRESmJRQmVtUDVUYmZLb2M2Q0hhNmdkSElGaW5B?oc=5,"Fri, 21 Mar 2025 18:30:00 GMT",https://news.google.com/rss/search?q=Amazon&hl=en-US&gl=US&ceid=US:en
Amazon Is Canceling a Major Alexa Privacy Feature on March 28: Should You Worry? - CNET,Amazon Is Canceling a Major Alexa Privacy Feature on March 28: Should You Worry?  CNET,https://news.google.com/rss/articles/CBMisAFBVV95cUxPc25qZHFaOGV0YUpaMzRjR1Q1N2QxbnlUN1hqX0JrS3lXbHc0QWNTVUtHVWpITmtpMXhsQnd6OTZaUTBoQV9nV1k5cFk2TGhMY3NVel80RHdKQWgtSnhWSWluVGVaY28yR0RHUUE5NGJvcWQzY1BuQ2NZR3hLUmw2VGVnQ3ZwRGJxN2tzSXJFTkVpYk8xUHEzbU5EdnNhUXk3bWJnOXZvakxKRWJUZVNRZQ?oc=5,"Tue, 18 Mar 2025 12:00:00 GMT",https://news.google.com/rss/search?q=Amazon&hl=en-US&gl=US&ceid=US:en
Amazon CEO Andy Jassy shares his top tips for a successful career: ‘Don’t be afraid to fail’ - About Amazon,Amazon CEO Andy Jassy shares his top tips for a successful career: ‘Don’t be afraid to fail’  About Amazon,https://news.google.com/rss/articles/CBMihAFBVV95cUxPLTFBQXJkVjVlOC1KU1BLeFJTNFBVUVJyUzJILVVPQ2hNSXhxVjQxOHdEZ0ViRlg4Y3NFTi1Ia2NiRVdNMTFUZElwSy11dmZWS1djREFDU04xMnN0cjFSQTdjSGh0VlRQMG5KNkgydkItNm5wc0VYbURCNU9INmlFY3VXbWQ?oc=5,"Fri, 21 Mar 2025 18:05:32 GMT",https://news.google.com/rss/search?q=Amazon&hl=en-US&gl=US&ceid=US:en
"Amazon Is Clearing Out Fire TV Sticks, 50% Off Nearly All Models Including 4K - Gizmodo","Amazon Is Clearing Out Fire TV Sticks, 50% Off Nearly All Models Including 4K  Gizmodo",https://news.google.com/rss/articles/CBMiqgFBVV95cUxQSG1jMEtHS1l4eDZjQVU0c2U0MXZVejd4eEhob2g5S0hMMUZqWTNyMEZlVVc0M3ZqM2Ixc1hqM3hfeHBpVWxsWTBWblpwZlotRTBsbXcxVEhkenk1SEFjVDhXc3V4TVl1WjNhVDNiM3lBay1aWURfTC1MMi10SmlJYnhiTF8yU041ZnRzWktMMUtxN3JtUm1mbFlOOUwyOU43Nmg3VXF1MndDUQ?oc=5,"Sat, 22 Mar 2025 12:10:12 GMT",https://news.google.com/rss/search?q=Amazon&hl=en-US&gl=US&ceid=US:en
These 35 Products Are Trending On Amazon — And They're Totally Worth The Hype - BuzzFeed,These 35 Products Are Trending On Amazon — And They're Totally Worth The Hype  BuzzFeed,https://news.google.com/rss/articles/CBMihAFBVV95cUxOamtUaWUxeHF3WEZlS1FzMXYwT2NaSkNFdWZoQm5DUG9OMlRiZDZYc2E3SHpkYUJrZ1NUczJCZVdjbGpNSVlSNkxIcEJ2M3BHd1lKUHNWVkxYVVhMQV9UYWk1c0pYUmYyR2tPZnlHaTVSbFl0SzlRcEFsY2Rtb2RhQ29vNEI?oc=5,"Sat, 22 Mar 2025 07:01:02 GMT",https://news.google.com/rss/search?q=Amazon&hl=en-US&gl=US&ceid=US:en
These ‘Soft and Smooth’ Stretchy Pants Pass as Work Attire — and They’re on Sale for $20 at Amazon - PEOPLE,These ‘Soft and Smooth’ Stretchy Pants Pass as Work Attire — and They’re on Sale for $20 at Amazon  PEOPLE,https://news.google.com/rss/articles/CBMigwFBVV95cUxOcFN1NXdHeDhfYU5GOGlNQV9leVROZHBUclc2MHB3MFZMcHFqdGEwRG92dlhYb0FlVTlzQVpDVkJqb2taeVRlWDE0clZEVXFmQjlrSzBGclpWc2lLeFp3bWQxZzVlbzFKcXF5Ri1JTGgwbTdhQ3N3cnRic2h4YzB1NlY2Yw?oc=5,"Fri, 21 Mar 2025 00:00:00 GMT",https://news.google.com/rss/search?q=Amazon&hl=en-US&gl=US&ceid=US:en
Laundry detergent sold on Amazon recalled due to potentially deadly bacteria contamination - Fox Business,Laundry detergent sold on Amazon recalled due to potentially deadly bacteria contamination  Fox Business,https://news.google.com/rss/articles/CBMirwFBVV95cUxPS3NOU25qM1I0a2oxdTU1TTF3SE9udGo5djBJUWo2bHVqYU80bzBJTUpBMXpBZjR2YTRCdU9KcWZEa1VsZVpvbDJJU01YX3JxSW1nS1pWV3FpTE83UEhDd0c3cnRjLVhXZjBTa0Q2N0dYLWRGLWk4cVdXMkhUWFpuQ0dLSDZwdGlOdHgxbGJJdU9NUmQxVFNMZHlyRlFSZW53UGdnZzU0VnZWbWEyTlNN0gG0AUFVX3lxTE4zblEyVXJLVDUxZEFacFBiYUdXQXhBRUFBWGVCYmo4cnB6Rk9qd2pUalM2cmtRcWZBRTJCcVJHMVZQcmpETDBLdGtvT05OemRjSFBXcjdIc1FjYlpGRnJ0M0pURTc0a3B0dHB5QlZfeEVTTkFiU1N6WFVnZEZUVEpmU0JLOUZtbUhMVjRNbTF5Q1RlSE1oelVzNVliUjNGNWpaWjVHaTVsRk4yVFVqYVpjMzhfaA?oc=5,"Fri, 21 Mar 2025 22:38:00 GMT",https://news.google.com/rss/search?q=Amazon&hl=en-US&gl=US&ceid=US:en
Amazon fast track next James Bond film as they shell out HUGE budget after buying iconic franchise for nearly $1bn - The US Sun,Amazon fast track next James Bond film as they shell out HUGE budget after buying iconic franchise for nearly $1bn  The US Sun,https://news.google.com/rss/articles/CBMikgFBVV95cUxOZ05icENnT0JaMTJ6US03UEstSkdlZjRHaVFvSDRxWUU5UWNoUnpPUmYtOTlEUWQtMVotODFpdEZVdk9TRkNrNGVzcWZmenlPMHVKRW85Q0dhTlk1ZmdOQnh6UE9va3JXYUhyakI3NklmakNOV0Q0dktvMmpPUjlCSmNEOE5jeUlQWkZtNzBLa3NZZw?oc=5,"Thu, 20 Mar 2025 19:00:00 GMT",https://news.google.com/rss/search?q=Amazon&hl=en-US&gl=US&ceid=US:en
An Update About ‘House Of David’ Season 2 On Amazon Prime Video - Forbes,An Update About ‘House Of David’ Season 2 On Amazon Prime Video  Forbes,https://news.google.com/rss/articles/CBMisgFBVV95cUxNRl9XcENsdDduY0RxOXZVVzBZNkdlQnU0WjFVbDNlT3lJSHFvVzFoZzJpUW9BRk91bnc1SlItUTA2S1lEVFVLZWNtTGk1dWdkNDduRHZGLV9DZ1ViT0ZWVDkweWpJT0lGSHpKV0QtQnBpNXJZYVFveFJjUC1PZ3NUa3VQRkU2S3NEN1lwS0RsakQyaEloUkZpNWJ5c0NRV2lRRzdmUTVsZmxiLW1mcl9pdF9B?oc=5,"Sat, 22 Mar 2025 14:17:15 GMT",https://news.google.com/rss/search?q=Amazon&hl=en-US&gl=US&ceid=US:en
"Apple’s most affordable M4 Mac mini back at $499 Amazon all-time low, plus upgraded configs and M4 Pro now $100 off - 9to5Toys","Apple’s most affordable M4 Mac mini back at $499 Amazon all-time low, plus upgraded configs and M4 Pro now $100 off  9to5Toys",https://news.google.com/rss/articles/CBMid0FVX3lxTE9fM1FIRmlMOUhpRWF4dlNQYkZjNGNmTzJFYWx5eC1hOFpBaHdsSEJiczNuUmtUaXlCUmo4d0p0N3B5Rk5yMjRHQi1fanpfV3ZQMzJUeWlKS1VIM3ZKLTdsclRLaVpmNHB6VUZNMGhmWkJldjhSbnJj0gF3QVVfeXFMT18zUUhGaUw5SGlFYXh2U1BiRmM0Y2ZPMkVhbHl4LWE4WkFod2xIQmJzM25Sa1RpeUJSajh3SnQ3cHlGTnIyNEdCLV9qel9XdlAzMlR5aUpLVUgzdkotN2xyVEtpWmY0cHpVRk0waGZaQmV2OFJucmM?oc=5,"Sat, 22 Mar 2025 12:10:15 GMT",https://news.google.com/rss/search?q=Amazon&hl=en-US&gl=US&ceid=US:en
Are Bucks County Kohl's department stores still accepting Amazon returns? - phillyBurbs.com,Are Bucks County Kohl's department stores still accepting Amazon returns?  phillyBurbs.com,https://news.google.com/rss/articles/CBMi2AFBVV95cUxNVUZ2eUttaFJBSGdMVEpjeXdpbFEzQmZIZFMzc09pVGpMUEh3eXNqNGJIUThDMHZ4WW9EdHRhcEhJRWFuNl9jREk1SEJUaERSVC1paFo4ZFpQTFRyVXlDWkFCTUpGUjdfMWpIZXdxdFNGUy1iaHZkTGJGbmVfcUpROHlWbW8xUGZadE9tNERRd2JlUld3ek5KU1E2NVRIYjg4VHNOMlpaRjBUb09mLV9ycXhiN1dKVEFWMnJTNUpKNnM1eUM5ZGd5czFzMm9jdDV5SUo1WmJmRy0?oc=5,"Sat, 22 Mar 2025 13:22:02 GMT",https://news.google.com/rss/search?q=Amazon&hl=en-US&gl=US&ceid=US:en
Amazon Big Spring Sale 2025 is coming March 25-31—here are your top FAQs answered - About Amazon,Amazon Big Spring Sale 2025 is coming March 25-31—here are your top FAQs answered  About Amazon,https://news.google.com/rss/articles/CBMidEFVX3lxTE1NMlRwcjk0eGhvenFsZUtUV1k4aU5pSDRHQkJPeGVpSy1ubFU4TFU5T19ScDlkdkJIdFc2SFRUS3Y4LXBOT3ZIbTNYZ1ZVbWRLZmZSRmNYeHVrd2luaHU1RE83cW9zQXk4NEo5ODFMckRsWWh1?oc=5,"Tue, 18 Mar 2025 13:07:30 GMT",https://news.google.com/rss/search?q=Amazon&hl=en-US&gl=US&ceid=US:en
Every Way to Return Amazon Orders for Free - CNET,Every Way to Return Amazon Orders for Free  CNET,https://news.google.com/rss/articles/CBMieEFVX3lxTE1KNWlaRFh6OUdWTmlFbGRWaUhlSEdSelVqcWlTUmpxREVIYk5kdVQ2M1pfcHhFY1VvUlRSSlJVbFFkWlIxQnBHWUc2YTA1d1hXcjJucXU5T0F1U1p1czB0ejBOSUJHVVFrajlRQ0JvTVlqcHhsRXY3dw?oc=5,"Sat, 22 Mar 2025 14:00:00 GMT",https://news.google.com/rss/search?q=Amazon&hl=en-US&gl=US&ceid=US:en
Introducing the next generation of Amazon Connect: AI-powered interactions that strengthen customer relationships and improve business outcomes - AWS Blog,Introducing the next generation of Amazon Connect: AI-powered interactions that strengthen customer relationships and improve business outcomes  AWS Blog,https://news.google.com/rss/articles/CBMimgFBVV95cUxNb0JjZTNJNkRhOGd6SHB1WGZ2Vjk3QTdJc08ycFlvdVZBT2ZRZlQxS1pFVDd0X3I0dFg3amRoWHFSZHlJZ0oxTWV3S3RhaG14LXZVM0NvaS0wR3l4bjZFQ1dvdzdDbEFRd18zeFdKdzhXNVEzSTlvQTZERTBDRFVsSmZDY0g1VGY4TEhVckg4eG94Nkw2cnZJR2ln?oc=5,"Tue, 18 Mar 2025 14:23:00 GMT",https://news.google.com/rss/search?q=Amazon&hl=en-US&gl=US&ceid=US:en
I'm Buying Now: Amazon UK Has More Pokémon TCG Stock Than Amazon US - IGN,I'm Buying Now: Amazon UK Has More Pokémon TCG Stock Than Amazon US  IGN,https://news.google.com/rss/articles/CBMimAFBVV95cUxPTGttbXFIbkpaZTBmT0hZZjhadzdxTzZvUTM1c0lXZHk3ZzBBOERxTmh6Qk1VZ2hUclRQNGxfT0hRM20zM1NWMS10MFRUN2tNcERzczBvSkFnbnJmZGxFbmN5WnQwOHhvVFhzZW9meThmS3Bna3BKVW04bGp4SjItcEljQ19LdlkweXJ2Y2pKOGhyMjJwUUxvcQ?oc=5,"Sat, 22 Mar 2025 12:58:13 GMT",https://news.google.com/rss/search?q=Amazon&hl=en-US&gl=US&ceid=US:en
"Amazon to sell carbon credits to suppliers, customers - Reuters","Amazon to sell carbon credits to suppliers, customers  Reuters",https://news.google.com/rss/articles/CBMisgFBVV95cUxNY2ozLVc4alotYmxNcTA2X2pwU2tWVDJOQndIZ1M3TTJHbU9DZkJyRWwxQm1Zb095SDVTcllqOE5NNkFMU283dnJpeUl4eXUwQmFlaVVnRUlmX2gwYlZaTG5vWFppMzNkaW1oajlhemJkZml5LUVZenpHTTdWLU1NRlZtQ014TTJWeGVDREQySmV3WDEwWDYzcDJ6S3dCa3Z2RnlOZW5hOXhFSzctNGF2NHZR?oc=5,"Thu, 20 Mar 2025 13:25:19 GMT",https://news.google.com/rss/search?q=Amazon&hl=en-US&gl=US&ceid=US:en
"Amazon Takes Up to $47 Off Apple's New iPad, Now Starting at $328.86 - MacRumors","Amazon Takes Up to $47 Off Apple's New iPad, Now Starting at $328.86  MacRumors",https://news.google.com/rss/articles/CBMieEFVX3lxTE9STTJ2SUdwMDdGT3FsR2NpT1JhcmI5SmQ0RkM2RlpHeE55RFdUU1Z4d1RzRW5PQ0tLM29HamxSX3ZOVmtlTVYzZVlPRklGMmNJYTUtR1c5NzEta3o5ZWVnM0VsUHR3WFgyRUg2YlctTTZSaVUyOXpHNw?oc=5,"Sat, 22 Mar 2025 14:10:51 GMT",https://news.google.com/rss/search?q=Amazon&hl=en-US&gl=US&ceid=US:en
Amazon Fresh shutters two stores - Grocery Dive,Amazon Fresh shutters two stores  Grocery Dive,https://news.google.com/rss/articles/CBMisAFBVV95cUxQWDV4aEY5RG5iSW1taTNha3Q4WElPOVB5MFdyUUtfOGRXOUJ6ZjVxVjBXMVNVdWFxTGZFaVFha0F3MTVCTWx3RVI4TlBhTnRvVUFlTzdXR3BFdDZkcTlfQnlhalJLazdCRDRRZER2RlZoOVZuRE50Zk5tcXp3Qjl3d1lnN2xYczRTeHRBam1nMGwxdTBwRy00WHdoNDRuTlFvZlBJaVN4TDF0UktjVzZPdA?oc=5,"Thu, 20 Mar 2025 15:23:26 GMT",https://news.google.com/rss/search?q=Amazon&hl=en-US&gl=US&ceid=US:en
"*Tons* Of Amazon Customers Have These 29 Products For Spring On Their Wish Lists, So You’ll Probably Want 'Em Too - BuzzFeed","*Tons* Of Amazon Customers Have These 29 Products For Spring On Their Wish Lists, So You’ll Probably Want 'Em Too  BuzzFeed",https://news.google.com/rss/articles/CBMijwFBVV95cUxQZXItak12M1hpcEltMFpDeW40b3ByektTRm9lSjZYNTBuQWpQNHZaVEsxaEdWMnYxTFBadVMxV1FLMlptRGJRaFIycWgtNmNSVFZhX3ZyNzBLNVl4dUJTekNJUVA0QVZrOWVLb3JVdWZQUzVZNVJzUG9UX0p5a0duUGFId2FlSzl1RU9TQTJsQQ?oc=5,"Sat, 22 Mar 2025 13:01:02 GMT",https://news.google.com/rss/search?q=Amazon&hl=en-US&gl=US&ceid=US:en
Amazon CEO Andy Jassy criticizes manager fiefdoms and stresses the need for 'meritocracy' in a leaked recording - Business Insider,Amazon CEO Andy Jassy criticizes manager fiefdoms and stresses the need for 'meritocracy' in a leaked recording  Business Insider,https://news.google.com/rss/articles/CBMigwFBVV95cUxPU2hNWGFHN0NGc21GYWtKT0J6QjJtNnR0cDZ3NGNvM2NfZEMtc2lNVXgyYWxZSXFENTRGM1lrVmxkMmo0NjhvSGRwOVlvWkhZRU5iVmpWWXJNUzhkR1BtcGNEU0RlRzB0WHY2SDVkRDRlVUpjSzhaSUZBaWUydjRaZmduRQ?oc=5,"Fri, 21 Mar 2025 20:46:00 GMT",https://news.google.com/rss/search?q=Amazon&hl=en-US&gl=US&ceid=US:en
Amazon wants a product safety regulator declared unconstitutional - The Washington Post,Amazon wants a product safety regulator declared unconstitutional  The Washington Post,https://news.google.com/rss/articles/CBMilwFBVV95cUxObXZKOEhWN3BxSDd5MXBQUkRBMHF3LUtoTnlrd3hDakJRdFl6U280dFlZU21PZ2hVTUN2WHdJRzlWYkdMLWFhbHNUS2FPS0JBaGRnZEpUUlNOeURYVjZBV185SFFvYmNjbm9jQXZlR3BoNW1jNkFfMlNvN2t1MHVYQ21wT3UtZW5udTNUVU1HWjlsUEFDaXY4?oc=5,"Fri, 21 Mar 2025 17:35:00 GMT",https://news.google.com/rss/search?q=Amazon&hl=en-US&gl=US&ceid=US:en
Amazon Stock Nears Seventh Losing Week As Wall Street Sizes Up Tech Giant's Used-Car Plans - Investor's Business Daily,Amazon Stock Nears Seventh Losing Week As Wall Street Sizes Up Tech Giant's Used-Car Plans  Investor's Business Daily,https://news.google.com/rss/articles/CBMihwFBVV95cUxPXzZ1Vk1wZlRoZUVKZVFKQWgzR0c0UFBncW5HQlJ4emVMR3VwQjRQTjMzcF9Mc2Q3c2c4Nl9ESzVGSkM3VkJ0NE92QU13S0xaZVJhNnYxVFV5d3F6eGFGRHdqOXVOMWxSRHlneU5JNFg3VVZWTmx5UnpXNzQwWlFzUDdQUmdiQVE?oc=5,"Fri, 21 Mar 2025 16:37:00 GMT",https://news.google.com/rss/search?q=Amazon&hl=en-US&gl=US&ceid=US:en
Amazon launches Amazon.ie in Ireland - About Amazon,Amazon launches Amazon.ie in Ireland  About Amazon,https://news.google.com/rss/articles/CBMiZEFVX3lxTE1tRTg4Y0lfckk1dVk2ZEFDNGlmeTY1Q3BkVjNwUG9UZlhRdmJEaC1lMU0wemRVV0xqX2cybUpGaERHdzBVdWxqSmk2U1kxWDZMYmNlTHRSQ1NlTEdmajBSSExLeU0?oc=5,"Tue, 18 Mar 2025 14:39:01 GMT",https://news.google.com/rss/search?q=Amazon&hl=en-US&gl=US&ceid=US:en
"Amazon launches a carbon credit service, enabling access to high-quality credits for qualified companies - About Amazon","Amazon launches a carbon credit service, enabling access to high-quality credits for qualified companies  About Amazon",https://news.google.com/rss/articles/CBMilgFBVV95cUxOa2JPcTNTdURCeFF0Tkx5ZG1LeEtiYWhfdEt1emZzOENoeVh3dmFKaTdleGdJcWlWZ2JuZXh1R2JFLV9qYk95WDhhTjVMcWhhMFRxMFpCeENkWUFRbmUzbmNjQTQ1SUZXMlRkOXJOSncyNkV3dl9mUGtZZmEwNkpOOE92WmVPTUNZOVc2bzR0eU9YOHEyS2c?oc=5,"Wed, 19 Mar 2025 12:55:55 GMT",https://news.google.com/rss/search?q=Amazon&hl=en-US&gl=US&ceid=US:en
Amazon's Kindle Scribe makes minor improvements but it's not enough - Mashable,Amazon's Kindle Scribe makes minor improvements but it's not enough  Mashable,https://news.google.com/rss/articles/CBMiY0FVX3lxTE1SOUhQOGxhaXFObTB2X1BqOFFRY3lCN3l5bi1mOTZzQmtTZjhQZ0xsV0ZKeHRERTFkQXFIbGFQaDR2VkE4QVJjZm1XUTdaZ1hFaUxFazBHVHQ4YnZNSWZOZzF1NA?oc=5,"Sat, 22 Mar 2025 09:00:06 GMT",https://news.google.com/rss/search?q=Amazon&hl=en-US&gl=US&ceid=US:en
